{"cameraMode":{"drawMode":0,"name":"Shaded","section":"Shading Mode"},"sceneLighting":true,"audioPlay":false,"sceneViewState":{"m_AlwaysRefresh":false,"showFog":true,"showSkybox":true,"showFlares":true,"showImageEffects":true,"showParticleSystems":true,"showVisualEffectGraphs":true,"m_FxEnabled":true},"in2DMode":false,"pivot":{"x":0.00679326057434082,"y":0.10460406541824341,"z":-0.04401707649230957},"rotation":{"x":0.00692035723477602,"y":0.9929905533790588,"z":-0.07642142474651337,"w":0.08991246670484543},"size":0.7488910555839539,"orthographic":false}